Zaman,Sembol,Kanal,Teyit,Giriş Fiyatı,Skor,Hedef (TP %),Maksimum (MFE %),Otonom İşlem PnL,Otonom İşlem PnL %,Sonuç
07.10.2026 21:27,METTRY,PUSH,velocity,22.53,100.0,+2.3,+0.75,,,KISMİ (+0.8%)
07.10.2026 21:27,METTRY,PUSH,jump+early+rising+velocity,22.53,100.0,+2.3,+0.84,,,KISMİ (+0.8%)
07.10.2026 20:18,HEMITRY,PUSH,global,0.3341,100.0,+2.3,+0.30,,,KISMİ (+0.3%)
07.10.2026 19:37,METTRY,PUSH,global,17.49,100.0,+2.2,+5.14,71.53,1.57,HEDEFE DEĞDİ
07.10.2026 19:04,SANDTRY,PUSH,global,4.243,100.0,+2.2,+2.98,,,HEDEFE DEĞDİ
07.10.2026 18:54,SANDTRY,PUSH,global,4.041,100.0,+2.3,+4.22,-201.37,-4.32,HEDEFE DEĞDİ
07.10.2026 18:32,LAZIOTRY,PUSH,global,23.91,100.0,+2.1,+-0.29,-205.80,-4.32,STOP (-%1.5)
07.10.2026 18:30,LAZIOTRY,PUSH,velocity,24.37,100.0,+2.2,+0.33,,,KISMİ (+0.3%)
07.10.2026 18:30,LAZIOTRY,PUSH,jump+early+velocity,24.37,100.0,+2.2,+1.92,,,"TEPE ≥%1,2 (hedefe değmedi)"
07.10.2026 17:44,ORCATRY,PANEL,jump+early+velocity,140.3,100.0,+3.6,+-0.93,,,BAŞARISIZ
07.10.2026 17:05,LAZIOTRY,PUSH,velocity,24.62,100.0,+4.2,+-0.65,,,STOP (-%1.5)
07.10.2026 16:55,LAZIOTRY,PUSH,jump+early+velocity,24.3,100.0,+3.3,+4.21,-3.76,-0.10,HEDEFE DEĞDİ
07.10.2026 16:14,ATMTRY,PUSH,global,56.92,100.0,+2.8,+1.15,,,KISMİ (+1.1%)
07.10.2026 16:11,ATMTRY,PUSH,velocity,55.99,100.0,+2.8,+8.42,,,HEDEFE DEĞDİ
07.10.2026 15:21,LAZIOTRY,PUSH,global,25.71,100.0,+4.5,+1.19,,,KISMİ (+1.2%)
07.10.2026 15:19,LAZIOTRY,PANEL,jump+early+velocity,26.36,100.0,+3.6,+-0.04,,,STOP (-%1.5)
07.10.2026 14:59,LAZIOTRY,PUSH,jump+early+velocity,25,100.0,+4.5,+6.20,29.39,1.65,HEDEFE DEĞDİ
07.10.2026 14:54,BARTRY,PANEL,jump+early+velocity,14.72,100.0,+2.5,+1.22,-50.52,-4.32,"TEPE ≥%1,2 (hedefe değmedi)"
07.10.2026 14:52,PORTOTRY,PUSH,global,23.5,100.0,+2.7,+1.28,58.38,2.50,"TEPE ≥%1,2 (hedefe değmedi)"
07.10.2026 14:51,PORTOTRY,PUSH,velocity,23.58,100.0,+2.5,+0.93,58.38,2.50,KISMİ (+0.9%)
07.10.2026 14:48,LAZIOTRY,PUSH,velocity,24.62,100.0,+4.5,+2.03,,,"TEPE ≥%1,2 (hedefe değmedi)"
07.10.2026 14:48,LAZIOTRY,PUSH,jump+early+velocity,24.62,100.0,+4.4,+2.03,,,"TEPE ≥%1,2 (hedefe değmedi)"
07.10.2026 14:40,LAZIOTRY,PANEL,jump+early+velocity,23.35,100.0,+4.4,+7.07,,,HEDEFE DEĞDİ
07.10.2026 14:27,RAYTRY,PUSH,velocity,114.37,100.0,+4.2,+4.37,85.90,1.84,HEDEFE DEĞDİ
07.10.2026 14:27,RAYTRY,PUSH,jump+early+velocity,114.37,100.0,+3.4,+3.91,85.90,1.84,HEDEFE DEĞDİ
07.10.2026 14:13,LAZIOTRY,PUSH,global,22.69,100.0,+3.0,+10.84,,,HEDEFE DEĞDİ
07.10.2026 14:04,LAZIOTRY,PUSH,jump+early+velocity,21.64,100.0,+3.3,+6.69,153.09,3.33,HEDEFE DEĞDİ
07.10.2026 13:56,LAZIOTRY,PUSH,global,21.9,100.0,+2.8,+6.09,,,HEDEFE DEĞDİ
07.10.2026 13:14,BARTRY,PUSH,global,15.26,100.0,+2.5,+0.00,,,STOP (-%1.5)
07.10.2026 13:06,BARTRY,PUSH,global,14.81,100.0,+2.5,+6.59,69.13,1.51,HEDEFE DEĞDİ
07.10.2026 13:03,LAZIOTRY,PUSH,global,22.15,100.0,+3.0,+2.71,,,"TEPE ≥%1,2 (hedefe değmedi)"
07.10.2026 12:57,LAZIOTRY,PUSH,velocity,23.2,100.0,+4.5,+0.43,-201.63,-4.32,KISMİ (+0.4%)
07.10.2026 12:57,LAZIOTRY,PUSH,velocity,23.2,100.0,+4.5,+0.00,-201.63,-4.32,STOP (-%1.5)
07.10.2026 12:31,LAZIOTRY,PUSH,jump+early+velocity,22.9,100.0,+3.9,+3.70,,,"TEPE ≥%3,0 (hedefe değmedi)"
07.10.2026 12:23,LAZIOTRY,PUSH,velocity,21.88,100.0,+2.7,+7.29,,,HEDEFE DEĞDİ
07.10.2026 12:23,LAZIOTRY,PUSH,global,21.88,100.0,+2.5,+7.63,,,HEDEFE DEĞDİ
07.10.2026 12:05,MAGICTRY,PUSH,global,3.4,99.9,+2.5,+0.59,-206.07,-4.32,KISMİ (+0.6%)
07.10.2026 17:37,ORCATRY,PUSH,global,143.2,99.7,+3.6,+-0.07,,,BAŞARISIZ
07.10.2026 13:22,PARTITRY,PUSH,jump+early+velocity,1.65,99.5,+2.6,+1.84,,,"TEPE ≥%1,2 (hedefe değmedi)"
07.10.2026 13:37,LAZIOTRY,PUSH,velocity,21.09,99.4,+2.6,+8.75,,,HEDEFE DEĞDİ
07.10.2026 15:23,RAYTRY,PUSH,global,121.07,99.2,+4.1,+4.60,,,HEDEFE DEĞDİ
07.10.2026 19:39,HEMITRY,PUSH,jump+early,0.303,98.5,+4.0,+11.93,65.89,2.89,HEDEFE DEĞDİ
07.10.2026 23:15,OGNTRY,PUSH,jump+early+velocity,1.175,98.4,+2.0,+-0.08,,,STOP (-%1.5)
07.10.2026 15:16,RAYTRY,PUSH,global,118.61,97.5,+4.0,+5.45,,,HEDEFE DEĞDİ
07.10.2026 17:36,ORCATRY,PUSH,velocity,142.1,97.4,+3.6,+1.34,,,"TEPE ≥%1,2 (hedefe değmedi)"
07.10.2026 11:32,ASRTRY,PUSH,velocity,44.61,97.1,+2.5,+-0.13,-53.02,-2.16,STOP (-%1.5)
07.10.2026 16:32,RAYTRY,PUSH,global,124.75,96.6,+4.0,+12.68,,,HEDEFE DEĞDİ
07.10.2026 17:04,LAZIOTRY,PUSH,velocity,24.62,96.1,+4.0,+0.78,,,KISMİ (+0.8%)
07.10.2026 12:22,LAZIOTRY,PUSH,jump+early+velocity,21.88,95.7,+2.5,+8.43,,,HEDEFE DEĞDİ
07.10.2026 13:55,LAZIOTRY,PUSH,jump+early+velocity,21.9,95.5,+2.5,+6.83,,,HEDEFE DEĞDİ
07.10.2026 19:59,METTRY,PUSH,jump+early+rising,17.98,94.7,+4.0,+6.98,,,HEDEFE DEĞDİ
07.10.2026 17:21,ORCATRY,PUSH,velocity,138,94.7,+3.5,+-0.07,,,BAŞARISIZ
07.10.2026 17:36,ORCATRY,PUSH,jump+early+velocity,142.1,94.1,+3.6,+1.34,,,"TEPE ≥%1,2 (hedefe değmedi)"
07.10.2026 20:12,METTRY,PANEL,jump+early+rising+velocity,18.29,93.7,+4.4,+6.38,,,HEDEFE DEĞDİ
07.10.2026 15:17,PARTITRY,PUSH,velocity,1.63,93.7,+2.5,+0.61,11.13,0.27,KISMİ (+0.6%)
07.10.2026 13:14,PARTITRY,PUSH,velocity,1.64,93.7,+3.6,+0.61,,,KISMİ (+0.6%)
07.10.2026 17:21,ORCATRY,PUSH,jump+early+velocity,138,93.6,+3.5,+-0.07,,,BAŞARISIZ
07.10.2026 20:01,METTRY,PUSH,global,18.06,92.9,+2.2,+6.45,,,HEDEFE DEĞDİ
07.10.2026 11:33,ASRTRY,PUSH,velocity,44.61,92.9,+2.5,+-0.02,-53.02,-2.16,STOP (-%1.5)
07.10.2026 16:20,RAYTRY,PUSH,jump+early+velocity,124.99,92.8,+4.0,+11.82,235.38,4.92,HEDEFE DEĞDİ
07.10.2026 13:37,LAZIOTRY,PUSH,velocity,21.09,92.4,+2.6,+7.08,,,HEDEFE DEĞDİ
07.10.2026 16:03,ATMTRY,PUSH,velocity,53.56,92.0,+2.8,+12.51,73.17,2.76,HEDEFE DEĞDİ
07.10.2026 16:20,CITYTRY,PUSH,velocity,18,91.9,+2.6,+0.00,-74.67,-3.12,BAŞARISIZ
07.10.2026 16:39,LAZIOTRY,PUSH,velocity,23.15,91.2,+2.9,+6.20,,,HEDEFE DEĞDİ
07.10.2026 16:39,LAZIOTRY,PUSH,jump+early+velocity,23.15,91.2,+2.9,+6.20,,,HEDEFE DEĞDİ
07.10.2026 11:57,LAZIOTRY,PANEL,jump+early+velocity,21.98,90.5,+3.0,+3.56,,,HEDEFE DEĞDİ
07.10.2026 17:01,BEAMXTRY,PUSH,jump+early,0.1285,89.4,+3.0,+0.31,-209.93,-4.32,KISMİ (+0.3%)
07.10.2026 15:30,PORTOTRY,PUSH,velocity,24.77,89.3,+4.3,+-0.08,,,STOP (-%1.5)
07.10.2026 12:41,PARTITRY,PUSH,velocity,1.52,89.1,+2.6,+10.53,,,HEDEFE DEĞDİ
07.10.2026 16:11,ATMTRY,PUSH,jump+early+rising,55.99,88.9,+4.0,+7.16,,,HEDEFE DEĞDİ
07.10.2026 19:47,METTRY,PUSH,jump+early+rising+velocity,17.5,88.7,+2.3,+5.85,,,HEDEFE DEĞDİ
07.10.2026 15:02,BARTRY,PUSH,velocity,15.1,88.1,+2.5,+0.73,-50.52,-4.32,KISMİ (+0.7%)
07.10.2026 15:02,BARTRY,PUSH,jump+early+velocity,15.1,88.1,+2.5,+0.73,-50.52,-4.32,KISMİ (+0.7%)
07.10.2026 23:15,OGNTRY,PUSH,velocity,1.175,87.8,+2.0,,,,ÖLÇÜLEMEDİ (1m mum yok)
07.10.2026 17:32,SANDTRY,PUSH,global,3.58,87.8,+2.6,+1.12,18.55,0.76,KISMİ (+1.1%)
07.10.2026 15:17,PARTITRY,PUSH,velocity,1.63,87.4,+2.5,+0.61,11.13,0.27,KISMİ (+0.6%)
07.10.2026 15:37,ACMTRY,PANEL,velocity,14.94,87.2,+3.2,+1.76,,,"TEPE ≥%1,2 (hedefe değmedi)"
07.10.2026 19:47,METTRY,PUSH,velocity,17.5,87.1,+2.3,+5.61,,,HEDEFE DEĞDİ
07.10.2026 15:11,LAZIOTRY,PUSH,jump+early+velocity,24.36,87.1,+3.6,+9.80,,,HEDEFE DEĞDİ
07.10.2026 13:14,PARTITRY,PUSH,jump+early+velocity,1.64,87.1,+2.9,+1.84,,,"TEPE ≥%1,2 (hedefe değmedi)"
07.10.2026 11:44,ORCATRY,PUSH,global,145.2,87.1,+2.5,+0.83,,,KISMİ (+0.8%)
07.10.2026 17:15,ATMTRY,PUSH,velocity,54.65,86.7,+3.2,+0.18,,,KISMİ (+0.2%)
07.10.2026 17:13,LAZIOTRY,PUSH,velocity,23.63,86.7,+4.2,+0.51,,,KISMİ (+0.5%)
07.10.2026 16:20,CITYTRY,PUSH,velocity,18,86.7,+2.6,+0.56,-74.67,-3.12,KISMİ (+0.6%)
07.10.2026 15:30,PORTOTRY,PUSH,jump+early+velocity,24.77,86.7,+4.3,+-0.08,,,STOP (-%1.5)
07.10.2026 12:53,PARTITRY,PANEL,jump+early+velocity,1.61,86.2,+2.7,+2.47,,,"TEPE ≥%1,2 (hedefe değmedi)"
07.10.2026 21:18,RARETRY,PUSH,jump+early,0.7957,86.1,+4.0,+0.18,-105.71,-2.27,KISMİ (+0.2%)
07.10.2026 16:47,LAZIOTRY,PUSH,global,23.89,86.1,+2.5,+4.73,,,HEDEFE DEĞDİ
07.10.2026 17:05,BEAMXTRY,PUSH,global,0.1275,86.0,+2.7,+0.71,,,KISMİ (+0.7%)
07.10.2026 15:01,CITYTRY,PANEL,velocity,17.7,85.8,+2.5,+0.00,,,BAŞARISIZ
07.10.2026 17:14,ATMTRY,PUSH,jump+early+velocity,54.65,85.7,+2.5,+0.18,,,KISMİ (+0.2%)
07.10.2026 12:41,PARTITRY,PUSH,velocity,1.52,85.5,+2.6,+10.53,,,HEDEFE DEĞDİ
07.10.2026 16:11,LAZIOTRY,PANEL,jump+early+velocity,23.66,85.3,+2.5,+1.09,,,KISMİ (+1.1%)
07.10.2026 16:02,ATMTRY,PUSH,velocity,53.56,85.3,+2.8,+12.82,73.17,2.76,HEDEFE DEĞDİ
07.10.2026 15:01,ALPINETRY,PANEL,jump+early+velocity,18.41,85.1,+2.5,+0.00,,,BAŞARISIZ