symbol,entry_time,onset_time,peak_time,entry_price,peak_price,spike_pct,entry_to_peak_minutes,onset_to_peak_minutes
BOMETRY,2026-08-15 19:37:59,2026-08-15 19:37:59,2026-08-15 19:46:59,0.04187,0.044,5.08717,9.0,9.0
ENSOTRY,2026-08-15 19:48:59,2026-08-15 19:53:59,2026-08-15 20:03:59,39.6,42.0,6.06061,15.0,10.0
HEMITRY,2026-08-15 20:16:59,2026-08-15 20:19:59,2026-08-15 20:31:59,0.3086,0.325,5.31432,15.0,12.0
WALTRY,2026-08-15 20:45:59,2026-08-15 20:45:59,2026-08-15 21:00:59,1.24,1.31,5.64516,15.0,15.0
HEMITRY,2026-08-15 20:48:59,2026-08-15 20:48:59,2026-08-15 21:03:59,0.3323,0.35,5.32651,15.0,15.0
HAEDALTRY,2026-08-15 20:56:59,2026-08-15 20:56:59,2026-08-15 21:11:59,0.812,0.853,5.04926,15.0,15.0
HEMITRY,2026-08-15 21:18:59,2026-08-15 21:19:59,2026-08-15 21:30:59,0.3346,0.3586,7.17274,12.0,11.0
COWTRY,2026-08-15 21:24:59,2026-08-15 21:29:59,2026-08-15 21:39:59,6.72,7.12,5.95238,15.0,10.0
ACETRY,2026-08-15 21:58:59,2026-08-15 21:59:59,2026-08-15 22:13:59,7.952,8.35,5.00503,15.0,14.0
COWTRY,2026-08-15 22:07:59,2026-08-15 22:16:59,2026-08-15 22:22:59,6.69,7.1,6.12855,15.0,6.0
ALPINETRY,2026-08-15 22:26:59,2026-08-15 22:26:59,2026-08-15 22:41:59,15.39,16.2,5.26316,15.0,15.0
HEMITRY,2026-08-15 23:12:59,2026-08-15 23:13:59,2026-08-15 23:24:59,0.3293,0.3469,5.34467,12.0,11.0
REDTRY,2026-08-15 23:17:59,2026-08-15 23:17:59,2026-08-15 23:32:59,4.42,4.72,6.78733,15.0,15.0
COWTRY,2026-08-15 23:19:59,2026-08-15 23:20:59,2026-08-15 23:34:59,6.64,7.02,5.72289,15.0,14.0
REDTRY,2026-08-15 23:47:59,2026-08-15 23:42:59,2026-08-16 00:02:59,4.45,5.23,17.52809,15.0,20.0
HEMITRY,2026-08-15 23:50:59,2026-08-15 23:51:59,2026-08-16 00:00:59,0.3147,0.3305,5.02065,10.0,9.0
YBTRY,2026-08-15 23:50:59,2026-08-15 23:50:59,2026-08-16 00:05:59,3.98,4.3,8.0402,15.0,15.0
REDTRY,2026-08-16 00:18:59,2026-08-16 00:26:59,2026-08-16 00:33:59,5.29,5.6,5.86011,15.0,7.0
LINEATRY,2026-08-16 00:25:59,2026-08-16 00:25:59,2026-08-16 00:40:59,0.1043,0.111,6.42378,15.0,15.0
USTCTRY,2026-08-16 00:40:59,2026-08-16 00:40:59,2026-08-16 00:55:59,0.24,0.2524,5.16667,15.0,15.0
HEMITRY,2026-08-16 01:08:59,2026-08-16 01:12:59,2026-08-16 01:22:59,0.3356,0.3546,5.6615,14.0,10.0
ONTTRY,2026-08-16 01:21:59,2026-08-16 01:26:59,2026-08-16 01:36:59,1.776,1.93,8.67117,15.0,10.0
COWTRY,2026-08-16 01:59:59,2026-08-16 02:00:59,2026-08-16 02:07:59,6.59,6.93,5.15933,8.0,7.0
HEMITRY,2026-08-16 02:05:59,2026-08-16 02:05:59,2026-08-16 02:17:59,0.3207,0.3384,5.51918,12.0,12.0
DOLOTRY,2026-08-16 02:52:59,2026-08-16 02:54:59,2026-08-16 03:07:59,1.021,1.078,5.58276,15.0,13.0
WALTRY,2026-08-16 03:05:59,2026-08-16 03:07:59,2026-08-16 03:20:59,1.21,1.29,6.61157,15.0,13.0
ACETRY,2026-08-16 03:07:59,2026-08-16 03:10:59,2026-08-16 03:22:59,7.388,7.77,5.17055,15.0,12.0
CHIPTRY,2026-08-16 03:10:59,2026-08-16 03:12:59,2026-08-16 03:23:59,1.3012,1.3713,5.38733,13.0,11.0
NXPCTRY,2026-08-16 03:24:59,2026-08-16 03:24:59,2026-08-16 03:39:59,9.35,9.95,6.41711,15.0,15.0
HEMITRY,2026-08-16 03:50:59,2026-08-16 03:50:59,2026-08-16 03:58:59,0.3238,0.3404,5.12662,8.0,8.0
HEMITRY,2026-08-16 04:13:59,2026-08-16 04:07:59,2026-08-16 04:20:59,0.293,0.3131,6.86007,7.0,13.0
HEMITRY,2026-08-16 04:35:59,2026-08-16 04:34:59,2026-08-16 04:45:59,0.303,0.3274,8.05281,10.0,11.0
HEMITRY,2026-08-16 05:00:59,2026-08-16 05:02:59,2026-08-16 05:15:59,0.3178,0.341,7.30019,15.0,13.0
PIXELTRY,2026-08-16 05:14:59,2026-08-16 05:17:59,2026-08-16 05:29:59,0.245,0.259,5.71429,15.0,12.0
HEMITRY,2026-08-16 05:45:59,2026-08-16 05:49:59,2026-08-16 06:00:59,0.3401,0.3737,9.87945,15.0,11.0
WALTRY,2026-08-16 06:11:59,2026-08-16 06:11:59,2026-08-16 06:26:59,1.24,1.31,5.64516,15.0,15.0
HEMITRY,2026-08-16 06:30:59,2026-08-16 06:31:59,2026-08-16 06:45:59,0.3644,0.3898,6.97036,15.0,14.0
COWTRY,2026-08-16 06:56:59,2026-08-16 06:56:59,2026-08-16 07:10:59,6.04,6.4,5.96026,14.0,14.0
ACETRY,2026-08-16 07:01:59,2026-08-16 07:04:59,2026-08-16 07:09:59,6.432,6.762,5.1306,8.0,5.0
HEMITRY,2026-08-16 07:13:59,2026-08-16 07:17:59,2026-08-16 07:27:59,0.38,0.4005,5.39474,14.0,10.0
COWTRY,2026-08-16 07:58:59,2026-08-16 07:59:59,2026-08-16 08:12:59,6.18,6.5,5.17799,14.0,13.0
HEMITRY,2026-08-16 08:09:59,2026-08-16 08:09:59,2026-08-16 08:24:59,0.3743,0.3933,5.07614,15.0,15.0
XAITRY,2026-08-16 08:23:59,2026-08-16 08:23:59,2026-08-16 08:38:59,0.3336,0.3532,5.8753,15.0,15.0
ACETRY,2026-08-16 08:33:59,2026-08-16 08:33:59,2026-08-16 08:48:59,6.624,6.999,5.66123,15.0,15.0
XAITRY,2026-08-16 08:53:59,2026-08-16 08:49:59,2026-08-16 09:01:59,0.3467,0.385,11.04701,8.0,12.0
ACETRY,2026-08-16 09:03:59,2026-08-16 08:55:59,2026-08-16 09:11:59,7.073,7.71,9.00608,8.0,16.0
HEMITRY,2026-08-16 09:07:59,2026-08-16 09:07:59,2026-08-16 09:22:59,0.3787,0.399,5.36044,15.0,15.0
ACETRY,2026-08-16 09:32:59,2026-08-16 09:41:59,2026-08-16 09:47:59,7.2,7.6,5.55556,15.0,6.0
PIXELTRY,2026-08-16 09:58:59,2026-08-16 09:58:59,2026-08-16 10:13:59,0.253,0.266,5.13834,15.0,15.0
HEMITRY,2026-08-16 10:01:59,2026-08-16 10:01:59,2026-08-16 10:07:59,0.3989,0.419,5.03886,6.0,6.0
RONINTRY,2026-08-16 10:09:59,2026-08-16 10:15:59,2026-08-16 10:24:59,2.39,2.55,6.69456,15.0,9.0
DOLOTRY,2026-08-16 10:10:59,2026-08-16 10:10:59,2026-08-16 10:23:59,1.059,1.116,5.38244,13.0,13.0
XAITRY,2026-08-16 10:19:59,2026-08-16 10:22:59,2026-08-16 10:34:59,0.3348,0.3556,6.21266,15.0,12.0
HEMITRY,2026-08-16 10:22:59,2026-08-16 10:19:59,2026-08-16 10:37:59,0.4032,0.4302,6.69643,15.0,18.0
DOLOTRY,2026-08-16 10:38:59,2026-08-16 10:30:59,2026-08-16 10:43:59,1.142,1.279,11.9965,5.0,13.0
KAITOTRY,2026-08-16 10:38:59,2026-08-16 10:44:59,2026-08-16 10:53:59,16.8,18.027,7.30357,15.0,9.0
RONINTRY,2026-08-16 11:04:59,2026-08-16 11:05:59,2026-08-16 11:19:59,2.43,2.6,6.99588,15.0,14.0
COTITRY,2026-08-16 11:19:59,2026-08-16 11:19:59,2026-08-16 11:34:59,0.4908,0.5251,6.98859,15.0,15.0
FORMTRY,2026-08-16 11:26:59,2026-08-16 11:26:59,2026-08-16 11:41:59,9.67,10.18,5.27404,15.0,15.0
DOLOTRY,2026-08-16 11:38:59,2026-08-16 11:41:59,2026-08-16 11:53:59,1.093,1.148,5.03202,15.0,12.0
RONINTRY,2026-08-16 11:53:59,2026-08-16 11:54:59,2026-08-16 12:08:59,2.43,2.57,5.76132,15.0,14.0
HEMITRY,2026-08-16 12:41:59,2026-08-16 12:42:59,2026-08-16 12:51:59,0.3883,0.4087,5.25367,10.0,9.0
MOVRTRY,2026-08-16 12:52:59,2026-08-16 12:57:59,2026-08-16 13:07:59,38.7,42.3,9.30233,15.0,10.0
ALICETRY,2026-08-16 13:00:59,2026-08-16 13:00:59,2026-08-16 13:15:59,6.39,6.8,6.41628,15.0,15.0
MOVRTRY,2026-08-16 13:22:59,2026-08-16 13:19:59,2026-08-16 13:34:59,39.3,42.8,8.90585,12.0,15.0
RVNTRY,2026-08-16 13:26:59,2026-08-16 13:26:59,2026-08-16 13:41:59,0.1304,0.1409,8.05215,15.0,15.0
SYRUPTRY,2026-08-16 13:38:59,2026-08-16 13:38:59,2026-08-16 13:53:59,7.69,9.69,26.0078,15.0,15.0
DODOTRY,2026-08-16 13:43:59,2026-08-16 13:58:59,2026-08-16 13:58:59,0.9572,1.018,6.35186,15.0,0.0
CHIPTRY,2026-08-16 13:50:59,2026-08-16 13:50:59,2026-08-16 14:03:59,1.4018,1.4726,5.05065,13.0,13.0
DOLOTRY,2026-08-16 13:56:59,2026-08-16 13:56:59,2026-08-16 14:11:59,1.142,1.204,5.42907,15.0,15.0
GPSTRY,2026-08-16 14:18:59,2026-08-16 14:19:59,2026-08-16 14:21:59,0.494,0.531,7.48988,3.0,2.0
EDENTRY,2026-08-16 14:21:59,2026-08-16 14:21:59,2026-08-16 14:34:59,2.16,2.27,5.09259,13.0,13.0
HEMITRY,2026-08-16 14:22:59,2026-08-16 14:31:59,2026-08-16 14:37:59,0.309,0.3323,7.54045,15.0,6.0
PORTALTRY,2026-08-16 14:32:59,2026-08-16 14:34:59,2026-08-16 14:47:59,0.5888,0.629,6.82745,15.0,13.0
HEITRY,2026-08-16 14:46:59,2026-08-16 14:46:59,2026-08-16 15:01:59,6.485,6.89,6.24518,15.0,15.0
PORTALTRY,2026-08-16 15:02:59,2026-08-16 15:02:59,2026-08-16 15:17:59,0.5989,0.6387,6.64552,15.0,15.0
HEMITRY,2026-08-16 15:03:59,2026-08-16 15:04:59,2026-08-16 15:09:59,0.3095,0.327,5.65428,6.0,5.0
ROBOTRY,2026-08-16 15:19:59,2026-08-16 15:26:59,2026-08-16 15:34:59,0.684,0.72,5.26316,15.0,8.0
XAITRY,2026-08-16 15:29:59,2026-08-16 15:31:59,2026-08-16 15:44:59,0.341,0.359,5.27859,15.0,13.0
PORTALTRY,2026-08-16 15:32:59,2026-08-16 15:25:59,2026-08-16 15:47:59,0.6884,0.76,10.40093,15.0,22.0
ALICETRY,2026-08-16 15:38:59,2026-08-16 15:40:59,2026-08-16 15:53:59,6.27,6.61,5.42265,15.0,13.0
NOMTRY,2026-08-16 15:42:59,2026-08-16 15:42:59,2026-08-16 15:55:59,0.077,0.081,5.19481,13.0,13.0
RVNTRY,2026-08-16 15:42:59,2026-08-16 15:42:59,2026-08-16 15:57:59,0.1311,0.1405,7.1701,15.0,15.0
DOLOTRY,2026-08-16 16:03:59,2026-08-16 16:03:59,2026-08-16 16:18:59,1.133,1.198,5.73698,15.0,15.0
DODOTRY,2026-08-16 16:06:59,2026-08-16 16:07:59,2026-08-16 16:18:59,1.028,1.0797,5.02918,12.0,11.0
PORTALTRY,2026-08-16 16:17:59,2026-08-16 16:24:59,2026-08-16 16:32:59,0.709,0.75,5.78279,15.0,8.0
DOLOTRY,2026-08-16 16:46:59,2026-08-16 16:51:59,2026-08-16 17:01:59,1.182,1.244,5.24535,15.0,10.0
GIGGLETRY,2026-08-16 16:54:59,2026-08-16 16:55:59,2026-08-16 17:09:59,1482.0,1580.0,6.61269,15.0,14.0
ALICETRY,2026-08-16 17:24:59,2026-08-16 17:25:59,2026-08-16 17:39:59,6.36,6.75,6.13208,15.0,14.0
DOLOTRY,2026-08-16 17:53:59,2026-08-16 17:53:59,2026-08-16 18:08:59,1.207,1.291,6.9594,15.0,15.0
GPSTRY,2026-08-16 17:55:59,2026-08-16 18:03:59,2026-08-16 18:10:59,0.473,0.5,5.70825,15.0,7.0
RARETRY,2026-08-16 18:27:59,2026-08-16 18:34:59,2026-08-16 18:42:59,0.5692,0.6,5.4111,15.0,8.0
GPSTRY,2026-08-16 18:32:59,2026-08-16 18:32:59,2026-08-16 18:47:59,0.49,0.53,8.16327,15.0,15.0
BOMETRY,2026-08-16 18:33:59,2026-08-16 18:38:59,2026-08-16 18:48:59,0.03908,0.0424,8.49539,15.0,10.0
BARTRY,2026-08-16 18:42:59,2026-08-16 18:44:59,2026-08-16 18:57:59,12.73,13.67,7.38413,15.0,13.0
ONTTRY,2026-08-16 18:49:59,2026-08-16 18:49:59,2026-08-16 19:04:59,1.835,1.95,6.26703,15.0,15.0
BELTRY,2026-08-16 18:55:59,2026-08-16 19:00:59,2026-08-16 19:10:59,5.26,5.53,5.13308,15.0,10.0
GPSTRY,2026-08-16 19:18:59,2026-08-16 19:27:59,2026-08-16 19:33:59,0.505,0.535,5.94059,15.0,6.0
ONTTRY,2026-08-16 19:28:59,2026-08-16 19:28:59,2026-08-16 19:32:59,1.869,1.97,5.40396,4.0,4.0
PORTALTRY,2026-08-16 19:29:59,2026-08-16 19:30:59,2026-08-16 19:43:59,0.6287,0.6608,5.10577,14.0,13.0
DOLOTRY,2026-08-16 19:48:59,2026-08-16 19:48:59,2026-08-16 20:03:59,1.156,1.214,5.0173,15.0,15.0
ALICETRY,2026-08-16 19:51:59,2026-08-16 19:51:59,2026-08-16 20:06:59,6.56,6.93,5.64024,15.0,15.0
PORTALTRY,2026-08-16 20:06:59,2026-08-16 20:07:59,2026-08-16 20:21:59,0.678,0.7323,8.00885,15.0,14.0
BARDTRY,2026-08-16 20:35:59,2026-08-16 20:36:59,2026-08-16 20:50:59,5.05,5.45,7.92079,15.0,14.0
PORTALTRY,2026-08-16 20:59:59,2026-08-16 21:00:59,2026-08-16 21:14:59,0.7137,0.76,6.48732,15.0,14.0
BARDTRY,2026-08-16 21:22:59,2026-08-16 21:22:59,2026-08-16 21:37:59,5.1,5.38,5.4902,15.0,15.0
BELTRY,2026-08-16 21:34:59,2026-08-16 21:38:59,2026-08-16 21:48:59,5.51,5.83,5.80762,14.0,10.0
HEMITRY,2026-08-16 21:46:59,2026-08-16 21:54:59,2026-08-16 22:01:59,0.2826,0.2985,5.62633,15.0,7.0
PORTALTRY,2026-08-16 21:47:59,2026-08-16 21:56:59,2026-08-16 22:01:59,0.8021,0.845,5.34846,14.0,5.0
BELTRY,2026-08-16 22:17:59,2026-08-16 22:19:59,2026-08-16 22:32:59,5.73,6.02,5.06108,15.0,13.0
PORTALTRY,2026-08-16 22:48:59,2026-08-16 22:48:59,2026-08-16 23:02:59,0.763,0.8042,5.39974,14.0,14.0
XAITRY,2026-08-16 22:51:59,2026-08-16 22:55:59,2026-08-16 23:05:59,0.3517,0.3699,5.17486,14.0,10.0
PORTALTRY,2026-08-16 23:17:59,2026-08-16 23:15:59,2026-08-16 23:32:59,0.7867,0.8433,7.19461,15.0,17.0
ATTRY,2026-08-16 23:28:59,2026-08-16 23:28:59,2026-08-16 23:43:59,7.505,7.95,5.92938,15.0,15.0
RARETRY,2026-08-16 23:32:59,2026-08-16 23:39:59,2026-08-16 23:47:59,0.5868,0.6182,5.35106,15.0,8.0
PORTALTRY,2026-08-17 00:03:59,2026-08-17 00:09:59,2026-08-17 00:18:59,0.7831,0.823,5.09513,15.0,9.0
RARETRY,2026-08-17 00:28:59,2026-08-17 00:28:59,2026-08-17 00:42:59,0.5903,0.62,5.03134,14.0,14.0
SOPHTRY,2026-08-17 00:41:59,2026-08-17 00:41:59,2026-08-17 00:56:59,0.188,0.203,7.97872,15.0,15.0
PORTALTRY,2026-08-17 00:42:59,2026-08-17 00:42:59,2026-08-17 00:50:59,0.8031,0.844,5.09277,8.0,8.0
ACTTRY,2026-08-17 00:43:59,2026-08-17 00:45:59,2026-08-17 00:53:59,0.4745,0.4995,5.2687,10.0,8.0
DODOTRY,2026-08-17 01:03:59,2026-08-17 01:03:59,2026-08-17 01:18:59,1.0425,1.0999,5.506,15.0,15.0
PORTALTRY,2026-08-17 01:05:59,2026-08-17 01:07:59,2026-08-17 01:20:59,0.829,0.9027,8.89023,15.0,13.0
SOPHTRY,2026-08-17 01:58:59,2026-08-17 02:11:59,2026-08-17 02:13:59,0.196,0.209,6.63265,15.0,2.0
GPSTRY,2026-08-17 02:01:59,2026-08-17 02:04:59,2026-08-17 02:16:59,0.48,0.507,5.625,15.0,12.0
GPSTRY,2026-08-17 02:44:59,2026-08-17 02:52:59,2026-08-17 02:59:59,0.508,0.535,5.31496,15.0,7.0
PORTALTRY,2026-08-17 03:01:59,2026-08-17 03:01:59,2026-08-17 03:06:59,0.7675,0.8096,5.48534,5.0,5.0
PORTALTRY,2026-08-17 03:54:59,2026-08-17 03:57:59,2026-08-17 04:08:59,0.7901,0.8363,5.84736,14.0,11.0
GPSTRY,2026-08-17 04:00:59,2026-08-17 04:01:59,2026-08-17 04:15:59,0.532,0.559,5.07519,15.0,14.0
PORTALTRY,2026-08-17 04:35:59,2026-08-17 04:46:59,2026-08-17 04:50:59,0.8091,0.8592,6.19207,15.0,4.0
HEMITRY,2026-08-17 04:40:59,2026-08-17 04:40:59,2026-08-17 04:50:59,0.2893,0.3051,5.46146,10.0,10.0
PORTALTRY,2026-08-17 05:06:59,2026-08-17 05:08:59,2026-08-17 05:16:59,0.8675,0.9141,5.37176,10.0,8.0
ACETRY,2026-08-17 05:27:59,2026-08-17 05:28:59,2026-08-17 05:42:59,6.843,7.4,8.1397,15.0,14.0
GPSTRY,2026-08-17 05:33:59,2026-08-17 05:33:59,2026-08-17 05:48:59,0.577,0.607,5.19931,15.0,15.0
PORTALTRY,2026-08-17 05:45:59,2026-08-17 05:49:59,2026-08-17 05:57:59,0.8644,0.92,6.43221,12.0,8.0
ACETRY,2026-08-17 05:57:59,2026-08-17 05:57:59,2026-08-17 06:12:59,7.289,7.94,8.93127,15.0,15.0
GPSTRY,2026-08-17 06:23:59,2026-08-17 06:31:59,2026-08-17 06:38:59,0.597,0.634,6.19765,15.0,7.0
ACETRY,2026-08-17 06:30:59,2026-08-17 06:30:59,2026-08-17 06:45:59,7.766,8.495,9.38707,15.0,15.0
PORTALTRY,2026-08-17 06:46:59,2026-08-17 06:46:59,2026-08-17 06:56:59,0.874,0.9186,5.10297,10.0,10.0
GPSTRY,2026-08-17 07:11:59,2026-08-17 07:19:59,2026-08-17 07:26:59,0.67,0.704,5.07463,15.0,7.0
PORTALTRY,2026-08-17 07:33:59,2026-08-17 07:35:59,2026-08-17 07:36:59,0.8585,0.904,5.29994,3.0,1.0
DODOTRY,2026-08-17 07:54:59,2026-08-17 07:54:59,2026-08-17 08:09:59,1.0508,1.1068,5.32927,15.0,15.0
GPSTRY,2026-08-17 07:54:59,2026-08-17 07:55:59,2026-08-17 08:03:59,0.691,0.732,5.93343,9.0,8.0
PORTALTRY,2026-08-17 08:00:59,2026-08-17 08:00:59,2026-08-17 08:15:59,0.8826,0.93,5.3705,15.0,15.0
GPSTRY,2026-08-17 08:18:59,2026-08-17 08:15:59,2026-08-17 08:30:59,0.71,0.755,6.33803,12.0,15.0
EDENTRY,2026-08-17 08:45:59,2026-08-17 08:50:59,2026-08-17 09:00:59,2.163,2.29,5.87147,15.0,10.0
RVNTRY,2026-08-17 09:03:59,2026-08-17 09:08:59,2026-08-17 09:18:59,0.1446,0.1531,5.87828,15.0,10.0
SIGNTRY,2026-08-17 09:05:59,2026-08-17 09:05:59,2026-08-17 09:20:59,0.328,0.348,6.09756,15.0,15.0
PORTALTRY,2026-08-17 09:09:59,2026-08-17 09:10:59,2026-08-17 09:16:59,0.801,0.842,5.1186,7.0,6.0
CHIPTRY,2026-08-17 09:32:59,2026-08-17 09:35:59,2026-08-17 09:47:59,1.4548,1.5301,5.17597,15.0,12.0
HBARTRY,2026-08-17 10:09:59,2026-08-17 10:09:59,2026-08-17 10:24:59,3.112,3.361,8.00129,15.0,15.0
GPSTRY,2026-08-17 11:17:59,2026-08-17 11:24:59,2026-08-17 11:31:59,0.695,0.744,7.05036,14.0,7.0
ACETRY,2026-08-17 11:30:59,2026-08-17 11:36:59,2026-08-17 11:45:59,7.083,7.495,5.81674,15.0,9.0
PORTALTRY,2026-08-17 11:44:59,2026-08-17 11:51:59,2026-08-17 11:57:59,0.7512,0.7915,5.36475,13.0,6.0
ZKPTRY,2026-08-17 12:11:59,2026-08-17 12:20:59,2026-08-17 12:24:59,1.946,2.05,5.3443,13.0,4.0
RARETRY,2026-08-17 12:15:59,2026-08-17 12:15:59,2026-08-17 12:30:59,0.5702,0.64,12.24132,15.0,15.0
ACETRY,2026-08-17 12:16:59,2026-08-17 12:16:59,2026-08-17 12:20:59,7.765,8.216,5.80811,4.0,4.0
BELTRY,2026-08-17 12:16:59,2026-08-17 12:18:59,2026-08-17 12:31:59,5.23,5.55,6.11855,15.0,13.0
GPSTRY,2026-08-17 12:45:59,2026-08-17 12:45:59,2026-08-17 13:00:59,0.736,0.778,5.70652,15.0,15.0
ACETRY,2026-08-17 12:50:59,2026-08-17 12:57:59,2026-08-17 13:05:59,8.169,8.686,6.3288,15.0,8.0
CATITRY,2026-08-17 13:10:59,2026-08-17 13:10:59,2026-08-17 13:25:59,2.267,2.45,8.07234,15.0,15.0
ACETRY,2026-08-17 13:20:59,2026-08-17 13:21:59,2026-08-17 13:35:59,8.665,9.188,6.03578,15.0,14.0
GPSTRY,2026-08-17 13:35:59,2026-08-17 13:35:59,2026-08-17 13:50:59,0.759,0.797,5.00659,15.0,15.0
PORTALTRY,2026-08-17 13:39:59,2026-08-17 13:39:59,2026-08-17 13:54:59,0.7376,0.7746,5.01627,15.0,15.0
ACETRY,2026-08-17 13:50:59,2026-08-17 13:50:59,2026-08-17 14:05:59,9.22,9.721,5.43384,15.0,15.0
PORTALTRY,2026-08-17 14:11:59,2026-08-17 14:15:59,2026-08-17 14:25:59,0.7735,0.8122,5.00323,14.0,10.0
ACETRY,2026-08-17 14:23:59,2026-08-17 14:19:59,2026-08-17 14:34:59,9.296,9.777,5.17427,11.0,15.0
GPSTRY,2026-08-17 14:31:59,2026-08-17 14:33:59,2026-08-17 14:37:59,0.786,0.829,5.47074,6.0,4.0
LUMIATRY,2026-08-17 14:45:59,2026-08-17 14:48:59,2026-08-17 15:00:59,4.283,4.5,5.06654,15.0,12.0
PORTALTRY,2026-08-17 15:00:59,2026-08-17 15:00:59,2026-08-17 15:12:59,0.7865,0.8262,5.04768,12.0,12.0
IOTRY,2026-08-17 15:01:59,2026-08-17 15:01:59,2026-08-17 15:03:59,5.323,5.597,5.14747,2.0,2.0
COTITRY,2026-08-17 15:20:59,2026-08-17 15:20:59,2026-08-17 15:34:59,0.5011,0.527,5.16863,14.0,14.0
HAEDALTRY,2026-08-17 15:40:59,2026-08-17 15:40:59,2026-08-17 15:55:59,0.807,0.852,5.57621,15.0,15.0
ACETRY,2026-08-17 15:44:59,2026-08-17 15:44:59,2026-08-17 15:53:59,8.471,8.969,5.87888,9.0,9.0
PORTALTRY,2026-08-17 16:02:59,2026-08-17 16:03:59,2026-08-17 16:17:59,0.8188,0.87,6.25305,15.0,14.0
BERATRY,2026-08-17 16:06:59,2026-08-17 16:09:59,2026-08-17 16:21:59,7.039,8.2,16.49382,15.0,12.0
GUNTRY,2026-08-17 16:14:59,2026-08-17 16:19:59,2026-08-17 16:26:59,0.146,0.154,5.47945,12.0,7.0
GPSTRY,2026-08-17 16:22:59,2026-08-17 16:27:59,2026-08-17 16:37:59,0.699,0.742,6.15165,15.0,10.0
PORTALTRY,2026-08-17 16:45:59,2026-08-17 16:46:59,2026-08-17 17:00:59,0.8056,0.8579,6.49206,15.0,14.0
EULTRY,2026-08-17 16:54:59,2026-08-17 16:54:59,2026-08-17 17:09:59,58.2,61.4,5.49828,15.0,15.0
GPSTRY,2026-08-17 17:23:59,2026-08-17 17:23:59,2026-08-17 17:38:59,0.718,0.755,5.1532,15.0,15.0
HEMITRY,2026-08-17 17:24:59,2026-08-17 17:25:59,2026-08-17 17:39:59,0.3124,0.3288,5.24968,15.0,14.0
ACETRY,2026-08-17 17:25:59,2026-08-17 17:19:59,2026-08-17 17:34:59,8.873,9.37,5.60126,9.0,15.0
CATITRY,2026-08-17 17:28:59,2026-08-17 17:28:59,2026-08-17 17:43:59,2.322,2.45,5.51249,15.0,15.0
LUMIATRY,2026-08-17 17:46:59,2026-08-17 17:58:59,2026-08-17 18:01:59,3.95,4.285,8.48101,15.0,3.0
EDENTRY,2026-08-17 17:57:59,2026-08-17 18:00:59,2026-08-17 18:12:59,2.298,2.43,5.74413,15.0,12.0
LUNATRY,2026-08-17 18:18:59,2026-08-17 18:19:59,2026-08-17 18:33:59,2.007,2.13,6.12855,15.0,14.0
EGLDTRY,2026-08-17 18:24:59,2026-08-17 18:24:59,2026-08-17 18:39:59,129.5,137.0,5.79151,15.0,15.0
EDENTRY,2026-08-17 18:27:59,2026-08-17 18:20:59,2026-08-17 18:42:59,2.409,2.629,9.13242,15.0,22.0
USUALTRY,2026-08-17 18:27:59,2026-08-17 18:27:59,2026-08-17 18:42:59,0.421,0.498,18.28979,15.0,15.0
BMTTRY,2026-08-17 18:46:59,2026-08-17 18:46:59,2026-08-17 18:58:59,0.742,0.78,5.12129,12.0,12.0
GPSTRY,2026-08-17 19:00:59,2026-08-17 19:05:59,2026-08-17 19:15:59,0.752,0.792,5.31915,15.0,10.0
HEMITRY,2026-08-17 19:05:59,2026-08-17 19:06:59,2026-08-17 19:14:59,0.3223,0.339,5.18151,9.0,8.0
COMPTRY,2026-08-17 19:11:59,2026-08-17 19:19:59,2026-08-17 19:26:59,795.0,868.0,9.18239,15.0,7.0
BMTTRY,2026-08-17 19:13:59,2026-08-17 19:06:59,2026-08-17 19:22:59,0.768,0.815,6.11979,9.0,16.0
HEMITRY,2026-08-17 19:29:59,2026-08-17 19:32:59,2026-08-17 19:44:59,0.3291,0.3493,6.13795,15.0,12.0
GIGGLETRY,2026-08-17 19:48:59,2026-08-17 19:48:59,2026-08-17 20:03:59,1657.0,1750.0,5.61255,15.0,15.0
TSTTRY,2026-08-17 19:51:59,2026-08-17 19:51:59,2026-08-17 20:06:59,0.747,0.786,5.22088,15.0,15.0
ACETRY,2026-08-17 19:58:59,2026-08-17 19:59:59,2026-08-17 20:13:59,8.309,8.74,5.18715,15.0,14.0
BMTTRY,2026-08-17 19:58:59,2026-08-17 19:58:59,2026-08-17 20:10:59,0.753,0.791,5.04648,12.0,12.0
POLTRY,2026-08-17 19:59:59,2026-08-17 19:59:59,2026-08-17 20:14:59,3.723,4.0,7.44024,15.0,15.0
COMPTRY,2026-08-17 20:08:59,2026-08-17 20:08:59,2026-08-17 20:23:59,805.0,884.0,9.81366,15.0,15.0
HEMITRY,2026-08-17 20:12:59,2026-08-17 20:19:59,2026-08-17 20:27:59,0.3316,0.353,6.45356,15.0,8.0
COMPTRY,2026-08-17 21:06:59,2026-08-17 21:06:59,2026-08-17 21:21:59,834.0,879.0,5.39568,15.0,15.0
POLTRY,2026-08-17 21:18:59,2026-08-17 21:18:59,2026-08-17 21:33:59,3.767,4.05,7.51261,15.0,15.0
NILTRY,2026-08-17 21:36:59,2026-08-17 21:39:59,2026-08-17 21:51:59,2.196,2.325,5.87432,15.0,12.0
SAGATRY,2026-08-18 00:30:59,2026-08-18 00:33:59,2026-08-18 00:45:59,0.652,0.69,5.82822,15.0,12.0
BMTTRY,2026-08-18 00:52:59,2026-08-18 00:52:59,2026-08-18 01:07:59,0.758,0.797,5.14512,15.0,15.0
CFGTRY,2026-08-18 01:45:59,2026-08-18 01:45:59,2026-08-18 02:00:59,7.55,7.979,5.68212,15.0,15.0
PORTALTRY,2026-08-18 02:10:59,2026-08-18 02:16:59,2026-08-18 02:25:59,0.7111,0.7478,5.16102,15.0,9.0
BMTTRY,2026-08-18 03:12:59,2026-08-18 03:12:59,2026-08-18 03:27:59,0.795,0.838,5.40881,15.0,15.0
GPSTRY,2026-08-18 04:02:59,2026-08-18 04:03:59,2026-08-18 04:15:59,0.77,0.814,5.71429,13.0,12.0
ACETRY,2026-08-18 04:19:59,2026-08-18 04:21:59,2026-08-18 04:31:59,7.368,7.75,5.18458,12.0,10.0
COWTRY,2026-08-18 04:19:59,2026-08-18 04:19:59,2026-08-18 04:34:59,5.2,5.47,5.19231,15.0,15.0
GPSTRY,2026-08-18 04:37:59,2026-08-18 04:38:59,2026-08-18 04:46:59,0.766,0.807,5.35248,9.0,8.0
GPSTRY,2026-08-18 05:10:59,2026-08-18 05:11:59,2026-08-18 05:25:59,0.797,0.884,10.91593,15.0,14.0
GPSTRY,2026-08-18 06:29:59,2026-08-18 06:32:59,2026-08-18 06:44:59,0.785,0.827,5.35032,15.0,12.0
OPENTRY,2026-08-18 06:45:59,2026-08-18 06:45:59,2026-08-18 07:00:59,7.979,8.671,8.67277,15.0,15.0
REDTRY,2026-08-18 07:33:59,2026-08-18 07:38:59,2026-08-18 07:48:59,4.25,4.51,6.11765,15.0,10.0
EDENTRY,2026-08-18 07:56:59,2026-08-18 07:57:59,2026-08-18 08:11:59,2.321,2.463,6.11805,15.0,14.0
REDTRY,2026-08-18 08:18:59,2026-08-18 08:23:59,2026-08-18 08:30:59,4.95,5.28,6.66667,12.0,7.0
OPGTRY,2026-08-18 08:31:59,2026-08-18 08:38:59,2026-08-18 08:46:59,4.89,5.2,6.33947,15.0,8.0
DOLOTRY,2026-08-18 08:38:59,2026-08-18 08:38:59,2026-08-18 08:53:59,1.111,1.194,7.47075,15.0,15.0
GPSTRY,2026-08-18 08:40:59,2026-08-18 08:41:59,2026-08-18 08:55:59,0.785,0.827,5.35032,15.0,14.0
ACETRY,2026-08-18 08:54:59,2026-08-18 08:54:59,2026-08-18 09:09:59,7.284,7.72,5.98572,15.0,15.0
ACETRY,2026-08-18 09:24:59,2026-08-18 09:20:59,2026-08-18 09:37:59,8.181,8.798,7.54187,13.0,17.0
EDENTRY,2026-08-18 09:32:59,2026-08-18 09:35:59,2026-08-18 09:47:59,2.436,2.587,6.19869,15.0,12.0
ALICETRY,2026-08-18 09:45:59,2026-08-18 09:46:59,2026-08-18 10:00:59,6.18,6.52,5.50162,15.0,14.0
ETHFITRY,2026-08-18 09:45:59,2026-08-18 09:53:59,2026-08-18 10:00:59,23.4,24.6,5.12821,15.0,7.0
EDENTRY,2026-08-18 10:02:59,2026-08-18 09:56:59,2026-08-18 10:12:59,2.709,2.899,7.01366,10.0,16.0
HEITRY,2026-08-18 10:05:59,2026-08-18 10:06:59,2026-08-18 10:20:59,6.155,6.488,5.41024,15.0,14.0
ACETRY,2026-08-18 10:09:59,2026-08-18 10:10:59,2026-08-18 10:20:59,8.879,9.35,5.30465,11.0,10.0
ACETRY,2026-08-18 10:56:59,2026-08-18 10:56:59,2026-08-18 11:11:59,9.129,9.59,5.04984,15.0,15.0
INITTRY,2026-08-18 11:22:59,2026-08-18 11:22:59,2026-08-18 11:37:59,2.37,2.62,10.54852,15.0,15.0
HEMITRY,2026-08-18 11:23:59,2026-08-18 11:28:59,2026-08-18 11:38:59,0.3224,0.3417,5.98635,15.0,10.0
GIGGLETRY,2026-08-18 11:24:59,2026-08-18 11:35:59,2026-08-18 11:39:59,1605.0,1740.0,8.41121,15.0,4.0
REDTRY,2026-08-18 11:41:59,2026-08-18 11:47:59,2026-08-18 11:56:59,4.68,5.02,7.26496,15.0,9.0
HEMITRY,2026-08-18 11:56:59,2026-08-18 11:56:59,2026-08-18 12:10:59,0.3324,0.3514,5.716,14.0,14.0
EDENTRY,2026-08-18 13:08:59,2026-08-18 13:08:59,2026-08-18 13:23:59,2.559,2.69,5.11919,15.0,15.0
GPSTRY,2026-08-18 13:39:59,2026-08-18 13:41:59,2026-08-18 13:54:59,0.837,0.886,5.85424,15.0,13.0
EDENTRY,2026-08-18 13:44:59,2026-08-18 13:44:59,2026-08-18 13:59:59,2.608,2.752,5.52147,15.0,15.0
ACETRY,2026-08-18 14:17:59,2026-08-18 14:18:59,2026-08-18 14:32:59,8.65,9.104,5.24855,15.0,14.0
HEMITRY,2026-08-18 14:19:59,2026-08-18 14:20:59,2026-08-18 14:34:59,0.3162,0.3331,5.34472,15.0,14.0
GPSTRY,2026-08-18 14:40:59,2026-08-18 14:39:59,2026-08-18 14:54:59,0.839,0.883,5.24434,14.0,15.0
ACETRY,2026-08-18 15:00:59,2026-08-18 15:00:59,2026-08-18 15:15:59,9.15,9.608,5.00546,15.0,15.0
ACETRY,2026-08-18 15:30:59,2026-08-18 15:24:59,2026-08-18 15:45:59,9.824,10.633,8.23493,15.0,21.0
ACETRY,2026-08-18 16:00:59,2026-08-18 15:59:59,2026-08-18 16:06:59,10.459,11.0,5.17258,6.0,7.0
ACETRY,2026-08-18 16:36:59,2026-08-18 16:38:59,2026-08-18 16:45:59,10.587,11.158,5.39341,9.0,7.0
ACETRY,2026-08-18 17:06:59,2026-08-18 17:06:59,2026-08-18 17:14:59,10.5,11.139,6.08571,8.0,8.0
ATOMTRY,2026-08-18 17:14:59,2026-08-18 17:14:59,2026-08-18 17:29:59,66.7,74.6,11.84408,15.0,15.0
HEITRY,2026-08-18 17:25:59,2026-08-18 17:25:59,2026-08-18 17:40:59,6.642,7.066,6.38362,15.0,15.0
ALPINETRY,2026-08-18 17:51:59,2026-08-18 17:52:59,2026-08-18 18:06:59,14.85,15.6,5.05051,15.0,14.0
OPNTRY,2026-08-18 17:57:59,2026-08-18 17:58:59,2026-08-18 18:12:59,2.84,2.99,5.28169,15.0,14.0
PORTOTRY,2026-08-18 18:03:59,2026-08-18 18:03:59,2026-08-18 18:18:59,19.92,21.26,6.72691,15.0,15.0
SANTOSTRY,2026-08-18 18:03:59,2026-08-18 18:03:59,2026-08-18 18:18:59,22.29,23.48,5.33872,15.0,15.0
LAZIOTRY,2026-08-18 18:05:59,2026-08-18 18:09:59,2026-08-18 18:20:59,16.29,17.13,5.15654,15.0,11.0
STRAXTRY,2026-08-18 18:16:59,2026-08-18 18:16:59,2026-08-18 18:31:59,0.402,0.426,5.97015,15.0,15.0
ALPINETRY,2026-08-18 18:30:59,2026-08-18 18:38:59,2026-08-18 18:45:59,16.74,17.79,6.2724,15.0,7.0
LAZIOTRY,2026-08-18 18:36:59,2026-08-18 18:36:59,2026-08-18 18:51:59,16.32,17.2,5.39216,15.0,15.0
WCTTRY,2026-08-18 18:52:59,2026-08-18 18:52:59,2026-08-18 19:07:59,1.639,1.727,5.36913,15.0,15.0
ALPINETRY,2026-08-18 19:18:59,2026-08-18 19:18:59,2026-08-18 19:33:59,18.7,19.9,6.41711,15.0,15.0
